name,shape,numel,dtype
layer4.2.conv2.weight,"(512, 512, 3, 3)",2359296,torch.float32
layer4.0.conv2.weight,"(512, 512, 3, 3)",2359296,torch.float32
layer4.1.conv2.weight,"(512, 512, 3, 3)",2359296,torch.float32
layer4.0.downsample.0.weight,"(2048, 1024, 1, 1)",2097152,torch.float32
fc.weight,"(1000, 2048)",2048000,torch.float32
layer4.2.conv1.weight,"(512, 2048, 1, 1)",1048576,torch.float32
layer4.1.conv3.weight,"(2048, 512, 1, 1)",1048576,torch.float32
layer4.0.conv3.weight,"(2048, 512, 1, 1)",1048576,torch.float32
layer4.1.conv1.weight,"(512, 2048, 1, 1)",1048576,torch.float32
layer4.2.conv3.weight,"(2048, 512, 1, 1)",1048576,torch.float32
layer3.4.conv2.weight,"(256, 256, 3, 3)",589824,torch.float32
layer3.5.conv2.weight,"(256, 256, 3, 3)",589824,torch.float32
layer3.1.conv2.weight,"(256, 256, 3, 3)",589824,torch.float32
layer3.3.conv2.weight,"(256, 256, 3, 3)",589824,torch.float32
layer3.2.conv2.weight,"(256, 256, 3, 3)",589824,torch.float32
layer3.0.conv2.weight,"(256, 256, 3, 3)",589824,torch.float32
layer4.0.conv1.weight,"(512, 1024, 1, 1)",524288,torch.float32
layer3.0.downsample.0.weight,"(1024, 512, 1, 1)",524288,torch.float32
layer3.4.conv3.weight,"(1024, 256, 1, 1)",262144,torch.float32
layer3.1.conv3.weight,"(1024, 256, 1, 1)",262144,torch.float32
layer3.1.conv1.weight,"(256, 1024, 1, 1)",262144,torch.float32
layer3.2.conv3.weight,"(1024, 256, 1, 1)",262144,torch.float32
layer3.0.conv3.weight,"(1024, 256, 1, 1)",262144,torch.float32
layer3.3.conv1.weight,"(256, 1024, 1, 1)",262144,torch.float32
layer3.5.conv3.weight,"(1024, 256, 1, 1)",262144,torch.float32
layer3.5.conv1.weight,"(256, 1024, 1, 1)",262144,torch.float32
layer3.3.conv3.weight,"(1024, 256, 1, 1)",262144,torch.float32
layer3.4.conv1.weight,"(256, 1024, 1, 1)",262144,torch.float32
layer3.2.conv1.weight,"(256, 1024, 1, 1)",262144,torch.float32
layer2.1.conv2.weight,"(128, 128, 3, 3)",147456,torch.float32
layer2.2.conv2.weight,"(128, 128, 3, 3)",147456,torch.float32
layer2.0.conv2.weight,"(128, 128, 3, 3)",147456,torch.float32
layer2.3.conv2.weight,"(128, 128, 3, 3)",147456,torch.float32
layer2.0.downsample.0.weight,"(512, 256, 1, 1)",131072,torch.float32
layer3.0.conv1.weight,"(256, 512, 1, 1)",131072,torch.float32
layer2.1.conv3.weight,"(512, 128, 1, 1)",65536,torch.float32
layer2.0.conv3.weight,"(512, 128, 1, 1)",65536,torch.float32
layer2.2.conv1.weight,"(128, 512, 1, 1)",65536,torch.float32
layer2.3.conv3.weight,"(512, 128, 1, 1)",65536,torch.float32
layer2.1.conv1.weight,"(128, 512, 1, 1)",65536,torch.float32
layer2.3.conv1.weight,"(128, 512, 1, 1)",65536,torch.float32
layer2.2.conv3.weight,"(512, 128, 1, 1)",65536,torch.float32
layer1.2.conv2.weight,"(64, 64, 3, 3)",36864,torch.float32
layer1.0.conv2.weight,"(64, 64, 3, 3)",36864,torch.float32
layer1.1.conv2.weight,"(64, 64, 3, 3)",36864,torch.float32
layer2.0.conv1.weight,"(128, 256, 1, 1)",32768,torch.float32
layer1.2.conv3.weight,"(256, 64, 1, 1)",16384,torch.float32
layer1.2.conv1.weight,"(64, 256, 1, 1)",16384,torch.float32
layer1.0.downsample.0.weight,"(256, 64, 1, 1)",16384,torch.float32
layer1.1.conv3.weight,"(256, 64, 1, 1)",16384,torch.float32
layer1.1.conv1.weight,"(64, 256, 1, 1)",16384,torch.float32
layer1.0.conv3.weight,"(256, 64, 1, 1)",16384,torch.float32
conv1.weight,"(64, 3, 7, 7)",9408,torch.float32
layer1.0.conv1.weight,"(64, 64, 1, 1)",4096,torch.float32
layer4.2.bn3.weight,"(2048,)",2048,torch.float32
layer4.1.bn3.running_var,"(2048,)",2048,torch.float32
layer4.2.bn3.bias,"(2048,)",2048,torch.float32
layer4.0.bn3.running_var,"(2048,)",2048,torch.float32
layer4.1.bn3.bias,"(2048,)",2048,torch.float32
layer4.1.bn3.weight,"(2048,)",2048,torch.float32
layer4.2.bn3.running_mean,"(2048,)",2048,torch.float32
layer4.0.downsample.1.running_var,"(2048,)",2048,torch.float32
layer4.0.downsample.1.running_mean,"(2048,)",2048,torch.float32
layer4.0.downsample.1.bias,"(2048,)",2048,torch.float32
layer4.0.downsample.1.weight,"(2048,)",2048,torch.float32
layer4.2.bn3.running_var,"(2048,)",2048,torch.float32
layer4.1.bn3.running_mean,"(2048,)",2048,torch.float32
layer4.0.bn3.running_mean,"(2048,)",2048,torch.float32
layer4.0.bn3.bias,"(2048,)",2048,torch.float32
layer4.0.bn3.weight,"(2048,)",2048,torch.float32
layer3.1.bn3.running_var,"(1024,)",1024,torch.float32
layer3.2.bn3.running_mean,"(1024,)",1024,torch.float32
layer3.4.bn3.running_mean,"(1024,)",1024,torch.float32
layer3.3.bn3.running_var,"(1024,)",1024,torch.float32
layer3.3.bn3.running_mean,"(1024,)",1024,torch.float32
layer3.3.bn3.bias,"(1024,)",1024,torch.float32
layer3.4.bn3.running_var,"(1024,)",1024,torch.float32
layer3.3.bn3.weight,"(1024,)",1024,torch.float32
layer3.5.bn3.weight,"(1024,)",1024,torch.float32
layer3.5.bn3.bias,"(1024,)",1024,torch.float32
layer3.2.bn3.running_var,"(1024,)",1024,torch.float32
layer3.5.bn3.running_mean,"(1024,)",1024,torch.float32
layer3.0.bn3.weight,"(1024,)",1024,torch.float32
layer3.0.bn3.running_mean,"(1024,)",1024,torch.float32
layer3.0.bn3.bias,"(1024,)",1024,torch.float32
layer3.1.bn3.running_mean,"(1024,)",1024,torch.float32
layer3.2.bn3.bias,"(1024,)",1024,torch.float32
layer3.0.downsample.1.weight,"(1024,)",1024,torch.float32
layer3.0.downsample.1.bias,"(1024,)",1024,torch.float32
layer3.2.bn3.weight,"(1024,)",1024,torch.float32
layer3.0.downsample.1.running_mean,"(1024,)",1024,torch.float32
layer3.0.downsample.1.running_var,"(1024,)",1024,torch.float32
layer3.5.bn3.running_var,"(1024,)",1024,torch.float32
layer3.4.bn3.bias,"(1024,)",1024,torch.float32
layer3.1.bn3.weight,"(1024,)",1024,torch.float32
layer3.1.bn3.bias,"(1024,)",1024,torch.float32
layer3.4.bn3.weight,"(1024,)",1024,torch.float32
layer3.0.bn3.running_var,"(1024,)",1024,torch.float32
fc.bias,"(1000,)",1000,torch.float32
layer2.3.bn3.running_mean,"(512,)",512,torch.float32
layer2.2.bn3.running_var,"(512,)",512,torch.float32
layer4.0.bn2.running_var,"(512,)",512,torch.float32
layer4.0.bn2.running_mean,"(512,)",512,torch.float32
layer4.0.bn2.bias,"(512,)",512,torch.float32
layer4.0.bn2.weight,"(512,)",512,torch.float32
layer4.0.bn1.running_mean,"(512,)",512,torch.float32
layer4.0.bn1.bias,"(512,)",512,torch.float32
layer2.3.bn3.weight,"(512,)",512,torch.float32
layer2.3.bn3.bias,"(512,)",512,torch.float32
layer2.3.bn3.running_var,"(512,)",512,torch.float32
layer2.2.bn3.bias,"(512,)",512,torch.float32
layer4.0.bn1.weight,"(512,)",512,torch.float32
layer2.0.downsample.1.running_var,"(512,)",512,torch.float32
layer2.0.downsample.1.running_mean,"(512,)",512,torch.float32
layer2.0.downsample.1.bias,"(512,)",512,torch.float32
layer2.0.downsample.1.weight,"(512,)",512,torch.float32
layer2.0.bn3.running_var,"(512,)",512,torch.float32
layer2.0.bn3.running_mean,"(512,)",512,torch.float32
layer2.0.bn3.bias,"(512,)",512,torch.float32
layer2.0.bn3.weight,"(512,)",512,torch.float32
layer2.2.bn3.running_mean,"(512,)",512,torch.float32
layer4.0.bn1.running_var,"(512,)",512,torch.float32
layer2.2.bn3.weight,"(512,)",512,torch.float32
layer4.1.bn2.bias,"(512,)",512,torch.float32
layer2.1.bn3.bias,"(512,)",512,torch.float32
layer2.1.bn3.weight,"(512,)",512,torch.float32
layer2.1.bn3.running_var,"(512,)",512,torch.float32
layer4.2.bn2.bias,"(512,)",512,torch.float32
layer4.2.bn2.running_mean,"(512,)",512,torch.float32
layer4.2.bn2.running_var,"(512,)",512,torch.float32
layer4.2.bn2.weight,"(512,)",512,torch.float32
layer4.2.bn1.running_var,"(512,)",512,torch.float32
layer4.2.bn1.running_mean,"(512,)",512,torch.float32
layer4.2.bn1.bias,"(512,)",512,torch.float32
layer4.2.bn1.weight,"(512,)",512,torch.float32
layer4.1.bn2.running_var,"(512,)",512,torch.float32
layer4.1.bn2.running_mean,"(512,)",512,torch.float32
layer2.1.bn3.running_mean,"(512,)",512,torch.float32
layer4.1.bn2.weight,"(512,)",512,torch.float32
layer4.1.bn1.running_var,"(512,)",512,torch.float32
layer4.1.bn1.running_mean,"(512,)",512,torch.float32
layer4.1.bn1.bias,"(512,)",512,torch.float32
layer4.1.bn1.weight,"(512,)",512,torch.float32
layer3.4.bn1.running_mean,"(256,)",256,torch.float32
layer3.2.bn1.weight,"(256,)",256,torch.float32
layer3.1.bn2.running_mean,"(256,)",256,torch.float32
layer3.1.bn2.running_var,"(256,)",256,torch.float32
layer3.4.bn1.bias,"(256,)",256,torch.float32
layer3.4.bn1.running_var,"(256,)",256,torch.float32
layer1.1.bn3.running_var,"(256,)",256,torch.float32
layer3.2.bn1.bias,"(256,)",256,torch.float32
layer3.4.bn2.running_mean,"(256,)",256,torch.float32
layer3.4.bn2.bias,"(256,)",256,torch.float32
layer3.4.bn2.weight,"(256,)",256,torch.float32
layer3.4.bn2.running_var,"(256,)",256,torch.float32
layer3.2.bn2.bias,"(256,)",256,torch.float32
layer3.2.bn1.running_mean,"(256,)",256,torch.float32
layer3.2.bn1.running_var,"(256,)",256,torch.float32
layer3.3.bn1.weight,"(256,)",256,torch.float32
layer3.3.bn2.weight,"(256,)",256,torch.float32
layer3.3.bn2.bias,"(256,)",256,torch.float32
layer1.2.bn3.weight,"(256,)",256,torch.float32
layer1.2.bn3.bias,"(256,)",256,torch.float32
layer1.2.bn3.running_mean,"(256,)",256,torch.float32
layer1.2.bn3.running_var,"(256,)",256,torch.float32
layer3.1.bn2.weight,"(256,)",256,torch.float32
layer3.3.bn2.running_mean,"(256,)",256,torch.float32
layer3.2.bn2.running_var,"(256,)",256,torch.float32
layer3.2.bn2.running_mean,"(256,)",256,torch.float32
layer3.3.bn1.bias,"(256,)",256,torch.float32
layer3.2.bn2.weight,"(256,)",256,torch.float32
layer3.3.bn2.running_var,"(256,)",256,torch.float32
layer3.4.bn1.weight,"(256,)",256,torch.float32
layer3.1.bn2.bias,"(256,)",256,torch.float32
layer3.0.bn2.running_mean,"(256,)",256,torch.float32
layer1.1.bn3.running_mean,"(256,)",256,torch.float32
layer1.1.bn3.bias,"(256,)",256,torch.float32
layer1.0.bn3.weight,"(256,)",256,torch.float32
layer1.0.bn3.bias,"(256,)",256,torch.float32
layer1.0.bn3.running_mean,"(256,)",256,torch.float32
layer1.0.bn3.running_var,"(256,)",256,torch.float32
layer1.0.downsample.1.weight,"(256,)",256,torch.float32
layer1.0.downsample.1.bias,"(256,)",256,torch.float32
layer1.0.downsample.1.running_mean,"(256,)",256,torch.float32
layer1.0.downsample.1.running_var,"(256,)",256,torch.float32
layer3.0.bn1.weight,"(256,)",256,torch.float32
layer3.0.bn1.bias,"(256,)",256,torch.float32
layer3.0.bn1.running_mean,"(256,)",256,torch.float32
layer3.0.bn1.running_var,"(256,)",256,torch.float32
layer3.5.bn2.running_var,"(256,)",256,torch.float32
layer3.0.bn2.weight,"(256,)",256,torch.float32
layer3.0.bn2.bias,"(256,)",256,torch.float32
layer3.3.bn1.running_var,"(256,)",256,torch.float32
layer3.0.bn2.running_var,"(256,)",256,torch.float32
layer3.5.bn2.running_mean,"(256,)",256,torch.float32
layer3.5.bn2.bias,"(256,)",256,torch.float32
layer3.5.bn2.weight,"(256,)",256,torch.float32
layer3.5.bn1.running_var,"(256,)",256,torch.float32
layer3.5.bn1.running_mean,"(256,)",256,torch.float32
layer3.5.bn1.bias,"(256,)",256,torch.float32
layer3.5.bn1.weight,"(256,)",256,torch.float32
layer1.1.bn3.weight,"(256,)",256,torch.float32
layer3.1.bn1.weight,"(256,)",256,torch.float32
layer3.1.bn1.bias,"(256,)",256,torch.float32
layer3.1.bn1.running_mean,"(256,)",256,torch.float32
layer3.1.bn1.running_var,"(256,)",256,torch.float32
layer3.3.bn1.running_mean,"(256,)",256,torch.float32
layer2.1.bn2.running_mean,"(128,)",128,torch.float32
layer2.1.bn2.bias,"(128,)",128,torch.float32
layer2.0.bn2.weight,"(128,)",128,torch.float32
layer2.1.bn1.bias,"(128,)",128,torch.float32
layer2.2.bn2.running_var,"(128,)",128,torch.float32
layer2.0.bn2.running_mean,"(128,)",128,torch.float32
layer2.2.bn2.running_mean,"(128,)",128,torch.float32
layer2.0.bn2.bias,"(128,)",128,torch.float32
layer2.2.bn2.bias,"(128,)",128,torch.float32
layer2.2.bn2.weight,"(128,)",128,torch.float32
layer2.1.bn1.running_var,"(128,)",128,torch.float32
layer2.0.bn2.running_var,"(128,)",128,torch.float32
layer2.2.bn1.running_var,"(128,)",128,torch.float32
layer2.0.bn1.running_var,"(128,)",128,torch.float32
layer2.0.bn1.running_mean,"(128,)",128,torch.float32
layer2.3.bn1.weight,"(128,)",128,torch.float32
layer2.3.bn1.bias,"(128,)",128,torch.float32
layer2.0.bn1.bias,"(128,)",128,torch.float32
layer2.3.bn1.running_mean,"(128,)",128,torch.float32
layer2.0.bn1.weight,"(128,)",128,torch.float32
layer2.3.bn1.running_var,"(128,)",128,torch.float32
layer2.2.bn1.running_mean,"(128,)",128,torch.float32
layer2.2.bn1.bias,"(128,)",128,torch.float32
layer2.2.bn1.weight,"(128,)",128,torch.float32
layer2.1.bn1.weight,"(128,)",128,torch.float32
layer2.1.bn2.weight,"(128,)",128,torch.float32
layer2.1.bn2.running_var,"(128,)",128,torch.float32
layer2.3.bn2.weight,"(128,)",128,torch.float32
layer2.3.bn2.bias,"(128,)",128,torch.float32
layer2.3.bn2.running_mean,"(128,)",128,torch.float32
layer2.3.bn2.running_var,"(128,)",128,torch.float32
layer2.1.bn1.running_mean,"(128,)",128,torch.float32
layer1.1.bn1.weight,"(64,)",64,torch.float32
layer1.2.bn2.running_mean,"(64,)",64,torch.float32
layer1.2.bn2.running_var,"(64,)",64,torch.float32
layer1.1.bn1.running_var,"(64,)",64,torch.float32
layer1.0.bn2.running_var,"(64,)",64,torch.float32
layer1.0.bn2.running_mean,"(64,)",64,torch.float32
layer1.0.bn2.bias,"(64,)",64,torch.float32
layer1.0.bn2.weight,"(64,)",64,torch.float32
layer1.0.bn1.running_var,"(64,)",64,torch.float32
layer1.0.bn1.running_mean,"(64,)",64,torch.float32
layer1.0.bn1.bias,"(64,)",64,torch.float32
layer1.0.bn1.weight,"(64,)",64,torch.float32
bn1.running_var,"(64,)",64,torch.float32
bn1.running_mean,"(64,)",64,torch.float32
bn1.bias,"(64,)",64,torch.float32
layer1.1.bn1.running_mean,"(64,)",64,torch.float32
layer1.1.bn1.bias,"(64,)",64,torch.float32
layer1.1.bn2.running_var,"(64,)",64,torch.float32
layer1.2.bn1.bias,"(64,)",64,torch.float32
layer1.1.bn2.weight,"(64,)",64,torch.float32
layer1.2.bn1.running_var,"(64,)",64,torch.float32
layer1.2.bn1.weight,"(64,)",64,torch.float32
layer1.2.bn1.running_mean,"(64,)",64,torch.float32
layer1.1.bn2.bias,"(64,)",64,torch.float32
layer1.2.bn2.weight,"(64,)",64,torch.float32
layer1.1.bn2.running_mean,"(64,)",64,torch.float32
bn1.weight,"(64,)",64,torch.float32
layer1.2.bn2.bias,"(64,)",64,torch.float32
layer3.3.bn3.num_batches_tracked,(),1,torch.int64
layer1.0.bn1.num_batches_tracked,(),1,torch.int64
layer4.1.bn3.num_batches_tracked,(),1,torch.int64
layer4.2.bn1.num_batches_tracked,(),1,torch.int64
layer3.2.bn1.num_batches_tracked,(),1,torch.int64
layer3.1.bn3.num_batches_tracked,(),1,torch.int64
layer3.4.bn1.num_batches_tracked,(),1,torch.int64
layer4.1.bn2.num_batches_tracked,(),1,torch.int64
layer2.1.bn1.num_batches_tracked,(),1,torch.int64
layer1.1.bn1.num_batches_tracked,(),1,torch.int64
layer1.2.bn1.num_batches_tracked,(),1,torch.int64
layer2.1.bn3.num_batches_tracked,(),1,torch.int64
layer2.2.bn1.num_batches_tracked,(),1,torch.int64
layer2.1.bn2.num_batches_tracked,(),1,torch.int64
layer4.2.bn2.num_batches_tracked,(),1,torch.int64
layer3.3.bn2.num_batches_tracked,(),1,torch.int64
layer1.2.bn3.num_batches_tracked,(),1,torch.int64
bn1.num_batches_tracked,(),1,torch.int64
layer3.2.bn2.num_batches_tracked,(),1,torch.int64
layer1.2.bn2.num_batches_tracked,(),1,torch.int64
layer4.2.bn3.num_batches_tracked,(),1,torch.int64
layer3.2.bn3.num_batches_tracked,(),1,torch.int64
layer2.0.bn1.num_batches_tracked,(),1,torch.int64
layer1.0.bn2.num_batches_tracked,(),1,torch.int64
layer3.4.bn2.num_batches_tracked,(),1,torch.int64
layer4.0.bn3.num_batches_tracked,(),1,torch.int64
layer2.3.bn3.num_batches_tracked,(),1,torch.int64
layer2.0.downsample.1.num_batches_tracked,(),1,torch.int64
layer2.3.bn2.num_batches_tracked,(),1,torch.int64
layer4.0.bn1.num_batches_tracked,(),1,torch.int64
layer3.5.bn2.num_batches_tracked,(),1,torch.int64
layer3.0.bn1.num_batches_tracked,(),1,torch.int64
layer3.0.bn2.num_batches_tracked,(),1,torch.int64
layer2.0.bn3.num_batches_tracked,(),1,torch.int64
layer4.0.bn2.num_batches_tracked,(),1,torch.int64
layer1.0.downsample.1.num_batches_tracked,(),1,torch.int64
layer2.3.bn1.num_batches_tracked,(),1,torch.int64
layer3.5.bn1.num_batches_tracked,(),1,torch.int64
layer3.0.bn3.num_batches_tracked,(),1,torch.int64
layer1.1.bn3.num_batches_tracked,(),1,torch.int64
layer1.0.bn3.num_batches_tracked,(),1,torch.int64
layer2.0.bn2.num_batches_tracked,(),1,torch.int64
layer3.0.downsample.1.num_batches_tracked,(),1,torch.int64
layer2.2.bn3.num_batches_tracked,(),1,torch.int64
layer4.0.downsample.1.num_batches_tracked,(),1,torch.int64
layer1.1.bn2.num_batches_tracked,(),1,torch.int64
layer2.2.bn2.num_batches_tracked,(),1,torch.int64
layer3.4.bn3.num_batches_tracked,(),1,torch.int64
layer3.1.bn1.num_batches_tracked,(),1,torch.int64
layer3.1.bn2.num_batches_tracked,(),1,torch.int64
layer4.1.bn1.num_batches_tracked,(),1,torch.int64
layer3.5.bn3.num_batches_tracked,(),1,torch.int64
layer3.3.bn1.num_batches_tracked,(),1,torch.int64
